{"base_power": 2.0, "token_processing_power": 0.327880598205885, "tokens_per_second": 2484.4630145255414}