{"base_power": 2.0, "token_processing_power": 0.5289569869584396, "tokens_per_second": 62.89541670430587}