{"base_power": 2.0, "token_processing_power": 0.27503073199421435, "tokens_per_second": 2014.0778875584285}