{"base_power": 2.0, "token_processing_power": 0.36593813153830324, "tokens_per_second": 53.866095105355186}