{"base_power": 2.0, "token_processing_power": 0.3258393386747289, "tokens_per_second": 45.711104066093895}